season,team_tier,pos,player,age,tm,pts_won,pts_max,share,g,mp,pts,trb,ast,stl,blk,fg_percent,x3p_percent,ft_percent,ws,ws_48,dws,dbpm,d_rtg,defense_team
2016,1st,F,Kawhi Leonard,24,SAS,260,260,1,72,33.1,21.2,6.8,2.6,1.8,1,0.506,0.443,0.874,13.7,0.277,5.5,3,96,1st Team
2016,1st,F,Draymond Green,25,GSW,251,260,0.965,81,34.7,14,9.5,7.4,1.5,1.4,0.49,0.388,0.696,11.1,0.19,5.1,2.9,100,1st Team
2016,1st,G,Avery Bradley,25,BOS,149,260,0.573,76,33.4,15.2,2.9,2.1,1.5,0.3,0.447,0.361,0.78,4.8,0.09,2.8,0.3,106,1st Team
2016,1st,G,Chris Paul,30,LAC,148,260,0.569,74,32.7,19.5,4.2,10,2.1,0.2,0.462,0.371,0.896,12.7,0.253,3.5,2,103,1st Team
2016,1st,C,DeAndre Jordan,27,LAC,137,260,0.527,77,33.7,12.7,13.8,1.2,0.7,2.3,0.703,0,0.43,11.5,0.213,5.5,1.3,98,1st Team
2016,2nd,C,Hassan Whiteside,26,MIA,126,260,0.485,73,29.1,14.2,11.8,0.4,0.6,3.7,0.606,NA,0.65,10.3,0.233,5.3,2.4,95,2nd Team
2016,2nd,G,Tony Allen,34,MEM,121,260,0.465,64,25.3,8.4,4.6,1.1,1.7,0.3,0.458,0.357,0.652,2.4,0.072,1.9,1.2,105,2nd Team
2016,2nd,F,Paul Millsap,30,ATL,97,260,0.373,81,32.7,17.1,9,3.3,1.8,1.7,0.47,0.319,0.757,10.1,0.183,6,2.7,96,2nd Team
2016,2nd,G,Jimmy Butler,26,CHI,62,260,0.238,67,36.9,20.9,5.3,4.8,1.6,0.6,0.454,0.312,0.832,9.1,0.177,2.7,1.2,106,2nd Team
2016,2nd,F,Paul George,25,IND,48,260,0.185,81,34.8,23.1,7,4.1,1.9,0.4,0.418,0.371,0.86,9.2,0.157,4.8,1.2,101,2nd Team
2016,ORV,C,Rudy Gobert,23,UTA,64,260,0.246,61,31.7,9.1,11,1.5,0.7,2.2,0.559,NA,0.569,6.4,0.16,3.8,2.2,99,Other Votes
2016,ORV,G,Klay Thompson,25,GSW,49,260,0.188,80,33.3,22.1,3.8,2.1,0.8,0.6,0.47,0.425,0.873,8,0.144,2.6,-1.6,107,Other Votes
2016,ORV,F,Jae Crowder,25,BOS,47,260,0.181,73,31.6,14.2,5.1,1.8,1.7,0.5,0.443,0.336,0.82,7.3,0.152,3.5,1.4,102,Other Votes
2016,ORV,F,LeBron James,31,CLE,43,260,0.165,76,35.6,25.3,7.4,6.8,1.4,0.6,0.52,0.309,0.731,13.6,0.242,4,2,103,Other Votes
2016,ORV,G,Kyle Lowry,29,TOR,43,260,0.165,77,37,21.2,4.7,6.4,2.1,0.4,0.427,0.388,0.811,11.6,0.196,3.7,1.1,104,Other Votes
2016,ORV,G,Danny Green,28,SAS,39,260,0.15,79,26.1,7.2,3.8,1.8,1,0.8,0.376,0.332,0.739,4.2,0.099,4.1,2.1,99,Other Votes
2016,ORV,G,Russell Westbrook,27,OKC,35,260,0.135,80,34.4,23.5,7.8,10.4,2,0.3,0.454,0.296,0.812,14,0.245,4,1.4,103,Other Votes
2016,ORV,C,Tim Duncan,39,SAS,33,260,0.127,61,25.2,8.6,7.3,2.7,0.8,1.3,0.488,0,0.702,5.2,0.163,3.6,3.1,96,Other Votes
2016,ORV,G,Ricky Rubio,25,MIN,30,260,0.115,76,30.6,10.1,4.3,8.7,2.1,0.1,0.374,0.326,0.847,5.8,0.119,2.2,0.8,107,Other Votes
2016,ORV,G,Kentavious Caldwell-Pope,22,DET,27,260,0.104,76,36.7,14.5,3.7,1.8,1.4,0.2,0.42,0.309,0.811,5.3,0.092,2.7,0.8,107,Other Votes
2016,ORV,F,Anthony Davis,22,NOP,24,260,0.092,61,35.5,24.3,10.3,1.9,1.3,2,0.493,0.324,0.758,7.2,0.16,2.8,0.4,104,Other Votes
2016,ORV,C,Andre Drummond,22,DET,14,260,0.054,81,32.9,16.2,14.8,0.8,1.5,1.4,0.521,0.333,0.355,7.4,0.133,5.5,0.3,98,Other Votes
2016,ORV,F,Serge Ibaka,26,OKC,14,260,0.054,78,32.1,12.6,6.8,0.8,0.5,1.9,0.479,0.326,0.752,5.5,0.105,3,0,105,Other Votes
2016,ORV,G,Stephen Curry,27,GSW,13,260,0.05,79,34.2,30.1,5.4,6.7,2.1,0.2,0.504,0.454,0.908,17.9,0.318,4.1,1.6,103,Other Votes
2016,ORV,F,Andre Iguodala,32,GSW,13,260,0.05,65,26.6,7,4,3.4,1.1,0.3,0.478,0.351,0.614,4.4,0.122,2.1,1.3,105,Other Votes
2016,ORV,G,Patrick Beverley,27,HOU,11,260,0.042,71,28.7,9.9,3.5,3.4,1.3,0.4,0.434,0.4,0.682,4.4,0.103,1.3,0.1,110,Other Votes
2016,ORV,C,Al Horford,29,ATL,7,260,0.027,82,32.1,15.2,7.3,3.2,0.8,1.5,0.505,0.344,0.798,9.4,0.172,4.5,1.6,101,Other Votes
2016,ORV,G,Marcus Smart,21,BOS,7,260,0.027,61,27.3,9.1,4.2,3,1.5,0.3,0.348,0.253,0.777,2.9,0.083,2.4,1.2,103,Other Votes
2016,ORV,G,John Wall,25,WAS,6,260,0.023,77,36.2,19.9,4.9,10.2,1.9,0.8,0.424,0.351,0.791,5.7,0.098,3.5,0.4,104,Other Votes
2016,ORV,F,Giannis Antetokounmpo,21,MIL,3,260,0.012,80,35.3,16.9,7.7,4.3,1.2,1.4,0.506,0.257,0.724,7.1,0.121,2.9,0.7,106,Other Votes
2016,ORV,F,Trevor Ariza,30,HOU,3,260,0.012,81,35.3,12.7,4.5,2.3,2,0.3,0.416,0.371,0.783,5.4,0.09,2.3,0.3,108,Other Votes
2016,ORV,G,Kent Bazemore,26,ATL,3,260,0.012,75,27.8,11.6,5.1,2.3,1.3,0.5,0.441,0.357,0.815,4.1,0.094,3.8,1.5,100,Other Votes
2016,ORV,C,Andrew Bogut,31,GSW,3,260,0.012,70,20.7,5.4,7,2.3,0.5,1.6,0.627,1,0.48,5.4,0.18,2.9,3.2,99,Other Votes
2016,ORV,C,DeMarcus Cousins,25,SAC,3,260,0.012,65,34.6,26.9,11.5,3.3,1.6,1.4,0.451,0.333,0.718,5.7,0.122,3.3,0.6,103,Other Votes
2016,ORV,F,Nicolas Batum,27,CHO,2,260,0.008,70,35,14.9,6.1,5.8,0.9,0.6,0.426,0.348,0.849,5,0.097,2.9,0.1,105,Other Votes
2016,ORV,G,Victor Oladipo,23,ORL,2,260,0.008,72,33,16,4.8,3.9,1.6,0.8,0.438,0.348,0.83,4.9,0.099,2.7,0.9,106,Other Votes
2016,ORV,F,LaMarcus Aldridge,30,SAS,1,260,0.004,74,30.6,18,8.5,1.5,0.5,1.1,0.513,0,0.858,10.1,0.215,4.5,0.3,99,Other Votes
2016,ORV,F,Harrison Barnes,23,GSW,1,260,0.004,66,30.9,11.7,4.9,1.8,0.6,0.2,0.466,0.383,0.761,4.9,0.116,1.9,-1.1,107,Other Votes
2016,ORV,C,Bismack Biyombo,23,TOR,1,260,0.004,82,22,5.5,8,0.4,0.2,1.6,0.542,0,0.628,5.9,0.156,3.1,1.1,101,Other Votes
2016,ORV,G,Mike Conley,28,MEM,1,260,0.004,56,31.4,15.3,2.9,6.1,1.2,0.3,0.422,0.363,0.834,5.3,0.144,1.1,-0.5,110,Other Votes
2016,ORV,F,Kevin Durant,27,OKC,1,260,0.004,72,35.8,28.2,8.2,5,1,1.2,0.505,0.387,0.898,14.5,0.27,3.5,1.6,104,Other Votes
2016,ORV,F,Derrick Favors,24,UTA,1,260,0.004,62,32,16.4,8.1,1.5,1.2,1.5,0.515,0,0.709,7.1,0.173,3.4,1.2,101,Other Votes
2016,ORV,G,George Hill,29,IND,1,260,0.004,74,34.1,12.1,4,3.5,1.1,0.2,0.441,0.408,0.76,6.2,0.118,2.8,0.7,106,Other Votes
2016,ORV,G,Wesley Matthews,29,DAL,1,260,0.004,78,33.9,12.5,3.1,1.9,1,0.2,0.388,0.36,0.863,3.7,0.067,1.8,-0.1,109,Other Votes
2016,ORV,F,Luc Mbah a Moute,29,LAC,1,260,0.004,75,17,3.1,2.3,0.4,0.6,0.3,0.454,0.325,0.526,1.6,0.059,1.3,0.6,106,Other Votes
2016,ORV,F,Kristaps Porziņģis,20,NYK,1,260,0.004,72,28.4,14.3,7.3,1.3,0.7,1.9,0.421,0.333,0.838,4.4,0.102,2.9,0.3,103,Other Votes
2016,ORV,F,Andre Roberson,24,OKC,1,260,0.004,70,22.2,4.8,3.6,0.7,0.8,0.6,0.496,0.311,0.611,3.4,0.105,1.6,1.3,106,Other Votes
2016,ORV,F,Mike Scott,27,ATL,1,260,0.004,75,15.3,6.2,2.7,1,0.3,0.2,0.468,0.392,0.794,3.2,0.132,1.5,0,104,Other Votes
2016,ORV,G,Dwyane Wade,34,MIA,1,260,0.004,74,30.5,19,4.1,4.6,1.1,0.6,0.456,0.159,0.793,4.9,0.105,2.6,-0.4,106,Other Votes
2017,1st,F,Draymond Green,26,GSW,198,200,0.99,76,32.5,10.2,7.9,7,2,1.4,0.418,0.308,0.709,8.2,0.16,5.4,3.9,99,1st Team
2017,1st,C,Rudy Gobert,24,UTA,196,200,0.98,81,33.9,14,12.8,1.2,0.6,2.6,0.661,0,0.653,14.3,0.25,6,2.2,99,1st Team
2017,1st,F,Kawhi Leonard,25,SAS,192,200,0.96,74,33.4,25.5,5.8,3.5,1.8,0.7,0.485,0.38,0.88,13.6,0.264,4.7,2.2,102,1st Team
2017,1st,G,Chris Paul,31,LAC,140,200,0.7,61,31.5,18.1,5,9.2,2,0.1,0.476,0.411,0.892,10.6,0.264,2.6,2.5,106,1st Team
2017,1st,G,Patrick Beverley,28,HOU,110,200,0.55,67,30.7,9.5,5.9,4.2,1.5,0.4,0.42,0.382,0.768,5.3,0.123,2.4,1.4,108,1st Team
2017,2nd,G,Tony Allen,35,MEM,80,200,0.4,71,27,9.1,5.5,1.4,1.6,0.4,0.461,0.278,0.615,3.1,0.077,2.9,1.1,105,2nd Team
2017,2nd,G,Danny Green,29,SAS,68,200,0.34,68,26.6,7.3,3.3,1.8,1,0.8,0.392,0.379,0.844,3.4,0.09,3,1.9,104,2nd Team
2017,2nd,C,Anthony Davis,23,NOP,58,200,0.29,75,36.1,28,11.8,2.1,1.3,2.2,0.505,0.299,0.802,11,0.195,5.1,1.4,102,2nd Team
2017,2nd,F,Andre Roberson,25,OKC,53,200,0.265,79,30.1,6.6,5.1,1,1.2,1,0.464,0.245,0.423,4.2,0.085,3.1,1.4,106,2nd Team
2017,2nd,F,Giannis Antetokounmpo,22,MIL,35,200,0.175,80,35.6,22.9,8.8,5.4,1.6,1.9,0.521,0.272,0.77,12.4,0.21,4.5,2.4,104,2nd Team
2017,ORV,G,Avery Bradley,26,BOS,46,200,0.23,55,33.4,16.3,6.1,2.2,1.2,0.2,0.463,0.39,0.731,3.1,0.081,2,-0.5,108,Other Votes
2017,ORV,G,Klay Thompson,26,GSW,45,200,0.225,78,34,22.3,3.7,2.1,0.8,0.5,0.468,0.414,0.853,7.1,0.129,2.9,-1.6,108,Other Votes
2017,ORV,G,John Wall,26,WAS,38,200,0.19,78,36.4,23.1,4.2,10.7,2,0.6,0.451,0.327,0.801,8.8,0.149,3,0.1,108,Other Votes
2017,ORV,C,DeAndre Jordan,28,LAC,35,200,0.175,81,31.7,12.7,13.8,1.2,0.6,1.7,0.714,0,0.482,11.8,0.221,4.6,0.9,102,Other Votes
2017,ORV,F,Paul Millsap,31,ATL,35,200,0.175,69,34,18.1,7.7,3.7,1.3,0.9,0.442,0.311,0.768,6.4,0.132,3.8,1.3,104,Other Votes
2017,ORV,C,Hassan Whiteside,27,MIA,25,200,0.125,77,32.6,17,14.1,0.7,0.7,2.1,0.557,NA,0.628,9.5,0.181,5.3,0.5,100,Other Votes
2017,ORV,G,Marcus Smart,22,BOS,21,200,0.105,79,30.4,10.6,3.9,4.6,1.6,0.4,0.359,0.283,0.812,3.2,0.064,2.7,0.6,108,Other Votes
2017,ORV,G,Jimmy Butler,27,CHI,18,200,0.09,76,37,23.9,6.2,5.5,1.9,0.4,0.455,0.367,0.865,13.8,0.236,3.8,1.7,106,Other Votes
2017,ORV,F,LeBron James,32,CLE,12,200,0.06,74,37.8,26.4,8.6,8.7,1.2,0.6,0.548,0.363,0.674,12.9,0.221,3,1.2,108,Other Votes
2017,ORV,F,Robert Covington,26,PHI,11,200,0.055,67,31.6,12.9,6.5,1.5,1.9,1,0.399,0.333,0.822,3.1,0.071,3.2,1.4,105,Other Votes
2017,ORV,G,Russell Westbrook,28,OKC,10,200,0.05,81,34.6,31.6,10.7,10.4,1.6,0.4,0.425,0.343,0.845,13.1,0.224,4.6,2.4,104,Other Votes
2017,ORV,F,Paul George,26,IND,7,200,0.035,75,35.9,23.7,6.6,3.3,1.6,0.4,0.461,0.393,0.898,7.1,0.126,3.1,0.1,108,Other Votes
2017,ORV,F,Kevin Durant,28,GSW,6,200,0.03,62,33.4,25.1,8.3,4.8,1.1,1.6,0.537,0.375,0.875,12,0.278,4,2.2,101,Other Votes
2017,ORV,C,Dwight Howard,31,ATL,6,200,0.03,74,29.7,13.5,12.7,1.4,0.9,1.2,0.633,0,0.533,8.3,0.181,4.5,0.8,100,Other Votes
2017,ORV,G,Mike Conley,29,MEM,5,200,0.025,69,33.2,20.5,3.5,6.3,1.3,0.3,0.46,0.408,0.859,10,0.209,2.5,0.8,108,Other Votes
2017,ORV,F,Jae Crowder,26,BOS,5,200,0.025,72,32.4,13.9,5.8,2.2,1,0.3,0.463,0.398,0.811,6.7,0.137,2.5,-0.1,108,Other Votes
2017,ORV,G,Jrue Holiday,26,NOP,5,200,0.025,67,32.7,15.4,3.9,7.3,1.5,0.7,0.454,0.356,0.708,3.8,0.084,2.6,0.2,108,Other Votes
2017,ORV,G,Wesley Matthews,30,DAL,4,200,0.02,73,34.2,13.5,3.5,2.9,1.1,0.2,0.393,0.363,0.816,3.1,0.06,2.1,0,110,Other Votes
2017,ORV,G,Stephen Curry,28,GSW,3,200,0.015,79,33.4,25.3,4.5,6.6,1.8,0.2,0.468,0.411,0.898,12.6,0.229,3.9,0.3,105,Other Votes
2017,ORV,F,Andre Iguodala,33,GSW,3,200,0.015,76,26.3,7.6,4,3.4,1,0.5,0.528,0.362,0.706,6.9,0.167,2.9,1.7,105,Other Votes
2017,ORV,F,Michael Kidd-Gilchrist,23,CHO,3,200,0.015,81,29,9.2,7,1.4,1,1,0.477,0.111,0.784,5.8,0.119,3.1,0.9,106,Other Votes
2017,ORV,G,Ricky Rubio,26,MIN,3,200,0.015,75,32.9,11.1,4.1,9.1,1.7,0.1,0.402,0.306,0.891,6.1,0.119,1.7,-0.2,112,Other Votes
2017,ORV,F,P.J. Tucker,31,TOT,3,200,0.015,81,27.6,6.7,5.8,1.2,1.4,0.2,0.413,0.357,0.774,3.6,0.078,2.2,1.2,109,Other Votes
2017,ORV,F,Trevor Ariza,31,HOU,2,200,0.01,80,34.7,11.7,5.7,2.2,1.8,0.3,0.409,0.344,0.738,6,0.104,3.2,1.1,108,Other Votes
2017,ORV,F,Nicolas Batum,28,CHO,2,200,0.01,77,34,15.1,6.2,5.9,1.1,0.4,0.403,0.333,0.856,4.6,0.084,2.8,0.2,108,Other Votes
2017,ORV,C,Marc Gasol,32,MEM,2,200,0.01,74,34.2,19.5,6.3,4.6,0.9,1.3,0.459,0.388,0.837,7.7,0.145,3.5,1.4,106,Other Votes
2017,ORV,G,Eric Gordon,28,HOU,2,200,0.01,75,31,16.2,2.7,2.5,0.6,0.5,0.406,0.372,0.84,3.8,0.079,1.4,-1.4,113,Other Votes
2017,ORV,C,Karl-Anthony Towns,21,MIN,2,200,0.01,82,37,25.1,12.3,2.7,0.7,1.3,0.542,0.367,0.832,12.7,0.201,2.8,-0.7,110,Other Votes
2017,ORV,C,Steven Adams,23,OKC,1,200,0.005,80,29.9,11.3,7.7,1.1,1.1,1,0.571,0,0.611,6.5,0.13,3.1,0,107,Other Votes
2017,ORV,F,LaMarcus Aldridge,31,SAS,1,200,0.005,72,32.4,17.3,7.3,1.9,0.6,1.2,0.477,0.411,0.812,7.2,0.149,3.7,0.1,104,Other Votes
2017,ORV,F,Al-Farouq Aminu,26,POR,1,200,0.005,61,29.1,8.7,7.4,1.6,1,0.7,0.393,0.33,0.706,1.9,0.051,2,0.4,108,Other Votes
2017,ORV,G,Kentavious Caldwell-Pope,23,DET,1,200,0.005,76,33.3,13.8,3.3,2.5,1.2,0.2,0.399,0.35,0.832,4.5,0.086,2.5,0.4,109,Other Votes
2017,ORV,G,George Hill,30,UTA,1,200,0.005,49,31.5,16.9,3.4,4.2,1,0.2,0.477,0.403,0.801,5.9,0.182,1.9,0.8,107,Other Votes
2017,ORV,F,Serge Ibaka,27,TOT,1,200,0.005,79,30.7,14.8,6.8,0.9,0.5,1.6,0.48,0.391,0.856,5.1,0.101,2.6,-0.3,109,Other Votes
2017,ORV,G,Damian Lillard,26,POR,1,200,0.005,75,35.9,27,4.9,5.9,0.9,0.3,0.444,0.37,0.895,10.4,0.185,1.5,-1.1,113,Other Votes
2017,ORV,F,Luc Mbah a Moute,30,LAC,1,200,0.005,80,22.3,6.1,2.1,0.5,1,0.4,0.505,0.391,0.678,3.1,0.084,1.8,1.3,109,Other Votes
2017,ORV,G,Austin Rivers,24,LAC,1,200,0.005,74,27.8,12,2.2,2.8,0.6,0.1,0.442,0.371,0.691,2.5,0.059,1.3,-1,112,Other Votes
2017,ORV,G,Isaiah Thomas,27,BOS,1,200,0.005,76,33.8,28.9,2.7,5.9,0.9,0.2,0.463,0.379,0.909,12.5,0.234,1.6,-1.1,112,Other Votes
2017,ORV,C,Cody Zeller,24,CHO,1,200,0.005,62,27.8,10.3,6.5,1.6,1,0.9,0.571,0,0.679,5.6,0.157,2.2,1.1,107,Other Votes
2018,1st,C,Rudy Gobert,25,UTA,192,200,0.96,56,32.4,13.5,10.7,1.4,0.8,2.3,0.622,NA,0.682,8.1,0.214,3.9,2.5,99,1st Team
2018,1st,F,Anthony Davis,24,NOP,163,200,0.815,75,36.4,28.1,11.1,2.3,1.5,2.6,0.534,0.34,0.828,13.7,0.241,4.9,1.4,102,1st Team
2018,1st,G,Victor Oladipo,25,IND,136,200,0.68,75,34,23.1,5.2,4.3,2.4,0.8,0.477,0.371,0.799,8.2,0.155,4,1.7,104,1st Team
2018,1st,G,Jrue Holiday,27,NOP,105,200,0.525,81,36.1,19,4.5,6,1.5,0.8,0.494,0.337,0.786,7.1,0.116,2.9,0.3,109,1st Team
2018,1st,F,Robert Covington,27,PHI,90,200,0.45,80,31.7,12.6,5.4,2,1.7,0.9,0.413,0.369,0.853,6.1,0.116,4.5,1.7,103,1st Team
2018,2nd,C,Joel Embiid,23,PHI,90,200,0.45,63,30.3,22.9,11,3.2,0.6,1.8,0.483,0.308,0.769,6.2,0.155,3.8,1.3,100,2nd Team
2018,2nd,F,Draymond Green,27,GSW,86,200,0.43,70,32.7,11,7.6,7.3,1.4,1.3,0.454,0.301,0.775,6.1,0.127,3.4,1.9,105,2nd Team
2018,2nd,F,Al Horford,31,BOS,85,200,0.425,72,31.6,12.9,7.4,4.7,0.6,1.1,0.489,0.429,0.783,7.8,0.165,3.8,2,103,2nd Team
2018,2nd,G,Dejounte Murray,21,SAS,80,200,0.4,81,21.5,8.1,5.7,2.9,1.2,0.4,0.443,0.265,0.709,3.2,0.087,3.4,2.2,101,2nd Team
2018,2nd,G,Jimmy Butler,28,MIN,79,200,0.395,59,36.7,22.2,5.3,4.9,2,0.4,0.474,0.35,0.854,8.9,0.198,1.8,0.7,110,2nd Team
2018,ORV,G,Chris Paul,32,HOU,74,200,0.37,58,31.8,18.6,5.4,7.9,1.7,0.2,0.46,0.38,0.919,10.2,0.265,2.7,1.8,105,Other Votes
2018,ORV,F,Paul George,27,OKC,69,200,0.345,79,36.6,21.9,5.7,3.3,2,0.5,0.43,0.401,0.822,8.9,0.147,3.9,0.6,106,Other Votes
2018,ORV,F,Giannis Antetokounmpo,23,MIL,43,200,0.215,75,36.7,26.9,10,4.8,1.5,1.4,0.529,0.307,0.76,11.9,0.207,3.6,0.9,106,Other Votes
2018,ORV,F,Kevin Durant,29,GSW,31,200,0.155,68,34.2,26.4,6.8,5.4,0.7,1.8,0.516,0.419,0.889,10.4,0.215,2.9,0.6,107,Other Votes
2018,ORV,G,Klay Thompson,27,GSW,24,200,0.12,73,34.3,20,3.8,2.5,0.8,0.5,0.488,0.44,0.837,4.9,0.094,1.8,-2.1,111,Other Votes
2018,ORV,G,Josh Richardson,24,MIA,22,200,0.11,81,33.2,12.9,3.5,2.9,1.5,0.9,0.451,0.378,0.845,5.4,0.096,3.5,1.3,106,Other Votes
2018,ORV,G,Marcus Smart,23,BOS,18,200,0.09,54,29.9,10.2,3.5,4.8,1.3,0.4,0.367,0.301,0.729,1.9,0.056,2.5,1,104,Other Votes
2018,ORV,F,Andre Roberson,26,OKC,17,200,0.085,39,26.6,5,4.7,1.2,1.2,0.9,0.537,0.222,0.316,2.2,0.1,1.3,1.8,107,Other Votes
2018,ORV,G,Jaylen Brown,21,BOS,16,200,0.08,70,30.7,14.5,4.9,1.6,1,0.4,0.465,0.395,0.644,4.5,0.1,3.2,0.3,105,Other Votes
2018,ORV,G,Ben Simmons,21,PHI,16,200,0.08,81,33.7,15.8,8.1,8.2,1.7,0.9,0.545,0,0.56,9.2,0.162,5,2.5,102,Other Votes
2018,ORV,F,P.J. Tucker,32,HOU,13,200,0.065,82,27.8,6.1,5.6,0.9,1,0.3,0.39,0.371,0.717,3.9,0.082,3,0.8,106,Other Votes
2018,ORV,G,Kyle Lowry,31,TOR,7,200,0.035,78,32.2,16.2,5.6,6.9,1.1,0.2,0.427,0.399,0.854,10.2,0.194,3.1,0.5,107,Other Votes
2018,ORV,G,Russell Westbrook,29,OKC,7,200,0.035,80,36.4,25.4,10.1,10.3,1.8,0.3,0.449,0.298,0.737,10.1,0.166,4.5,1.5,104,Other Votes
2018,ORV,G,Danny Green,30,SAS,6,200,0.03,70,25.6,8.6,3.6,1.6,0.9,1.1,0.387,0.363,0.769,2.9,0.078,2.9,1.4,104,Other Votes
2018,ORV,F,Luc Mbah a Moute,31,HOU,5,200,0.025,61,25.6,7.5,3,0.9,1.2,0.4,0.481,0.364,0.684,2.8,0.087,2.1,1.4,106,Other Votes
2018,ORV,G,Ricky Rubio,27,UTA,4,200,0.02,77,29.3,13.1,4.6,5.3,1.6,0.1,0.418,0.352,0.866,5.3,0.112,3.8,1.5,103,Other Votes
2018,ORV,C,Andre Drummond,24,DET,3,200,0.015,78,33.7,15,16,3,1.5,1.6,0.529,0,0.605,10.3,0.188,5.7,1.7,99,Other Votes
2018,ORV,G,Gary Harris,23,DEN,3,200,0.015,67,34.4,17.5,2.6,2.9,1.8,0.2,0.485,0.396,0.827,5.5,0.114,1.5,-0.2,112,Other Votes
2018,ORV,F,LaMarcus Aldridge,32,SAS,2,200,0.01,75,33.5,23.1,8.5,2,0.6,1.2,0.51,0.293,0.837,10.9,0.209,3.6,-0.4,105,Other Votes
2018,ORV,F,Al-Farouq Aminu,27,POR,2,200,0.01,69,30,9.3,7.6,1.2,1.1,0.6,0.395,0.369,0.738,4.2,0.097,3.2,1.1,104,Other Votes
2018,ORV,G,Avery Bradley,27,TOT,2,200,0.01,46,31.2,14.3,2.5,2,1.1,0.2,0.414,0.369,0.768,-0.2,-0.007,1.2,-1,110,Other Votes
2018,ORV,C,Steven Adams,24,OKC,1,200,0.005,76,32.7,13.9,9,1.2,1.2,1,0.629,0,0.559,9.7,0.187,3,-0.6,107,Other Votes
2018,ORV,G,Will Barton,27,DEN,1,200,0.005,81,33.1,15.7,5,4.1,1,0.6,0.452,0.37,0.805,6.2,0.111,1.8,-0.4,112,Other Votes
2018,ORV,G,Eric Bledsoe,28,TOT,1,200,0.005,74,31.4,17.7,3.8,5,2,0.6,0.473,0.347,0.795,5.6,0.116,2.5,0.3,108,Other Votes
2018,ORV,F,Ed Davis,28,POR,1,200,0.005,78,18.9,5.3,7.4,0.5,0.4,0.7,0.582,0,0.667,5,0.164,2.5,0.6,103,Other Votes
2018,ORV,C,Derrick Favors,26,UTA,1,200,0.005,77,28,12.3,7.2,1.3,0.7,1.1,0.563,0.222,0.651,8,0.179,3.5,0.7,104,Other Votes
2018,ORV,F,LeBron James,33,CLE,1,200,0.005,82,36.9,27.5,8.6,9.1,1.4,0.9,0.542,0.367,0.731,14,0.221,3,1.4,109,Other Votes
2018,ORV,C,DeAndre Jordan,29,LAC,1,200,0.005,77,31.5,12,15.2,1.5,0.5,0.9,0.645,NA,0.58,9.4,0.186,3.4,-0.3,105,Other Votes
2018,ORV,G,Damian Lillard,27,POR,1,200,0.005,73,36.6,26.9,4.5,6.6,1.1,0.4,0.439,0.361,0.916,12.6,0.227,2.7,0.3,109,Other Votes
2018,ORV,G,Donovan Mitchell,21,UTA,1,200,0.005,79,33.4,20.5,3.7,3.7,1.5,0.3,0.437,0.34,0.805,5.2,0.095,3.8,0.3,105,Other Votes
2018,ORV,G,Fred VanVleet,23,TOR,1,200,0.005,76,20,8.6,2.4,3.2,0.9,0.3,0.426,0.414,0.832,4.7,0.149,2,1,106,Other Votes
2019,1st,C,Rudy Gobert,26,UTA,196,200,0.98,81,31.8,15.9,12.9,2,0.8,2.3,0.669,NA,0.636,14.4,0.268,5.7,2.5,100,1st Team
2019,1st,F,Paul George,28,OKC,195,200,0.975,77,36.9,28,8.2,4.1,2.2,0.4,0.438,0.386,0.839,11.9,0.201,4.9,1.6,105,1st Team
2019,1st,F,Giannis Antetokounmpo,24,MIL,193,200,0.965,72,32.8,27.7,12.5,5.9,1.3,1.5,0.578,0.256,0.729,14.4,0.292,5.5,4.1,99,1st Team
2019,1st,G,Marcus Smart,24,BOS,145,200,0.725,80,27.5,8.9,2.9,4,1.8,0.4,0.422,0.364,0.806,5.3,0.116,3.1,2,107,1st Team
2019,1st,G,Eric Bledsoe,29,MIL,100,200,0.5,78,29.1,15.9,4.6,5.5,1.5,0.4,0.484,0.329,0.75,8.2,0.173,3.7,1.2,105,1st Team
2019,2nd,G,Jrue Holiday,28,NOP,90,200,0.45,67,35.9,21.2,5,7.7,1.6,0.8,0.472,0.325,0.768,5.4,0.108,1.9,-0.1,112,2nd Team
2019,2nd,G,Klay Thompson,28,GSW,82,200,0.41,78,34,21.5,3.8,2.4,1.1,0.6,0.467,0.402,0.816,5.3,0.095,2.3,-1.4,112,2nd Team
2019,2nd,C,Joel Embiid,24,PHI,80,200,0.4,64,33.7,27.5,13.6,3.7,0.7,1.9,0.484,0.3,0.804,8.7,0.194,3.8,0.9,104,2nd Team
2019,2nd,F,Draymond Green,28,GSW,61,200,0.305,66,31.3,7.4,7.3,6.9,1.4,1.1,0.445,0.285,0.692,4.3,0.1,3.2,2.7,106,2nd Team
2019,2nd,F,Kawhi Leonard,27,TOR,39,200,0.195,60,34,26.6,7.3,3.3,1.8,0.4,0.496,0.371,0.854,9.5,0.224,3.4,1.1,105,2nd Team
2019,ORV,G,Danny Green,31,TOR,66,200,0.33,80,27.7,10.3,4,1.6,0.9,0.7,0.465,0.455,0.841,5.9,0.128,2.9,0.8,108,Other Votes
2019,ORV,G,Patrick Beverley,30,LAC,48,200,0.24,78,27.4,7.6,5,3.8,0.9,0.6,0.407,0.397,0.78,4.8,0.108,2,1.2,111,Other Votes
2019,ORV,C,Myles Turner,22,IND,39,200,0.195,74,28.6,13.3,7.2,1.6,0.8,2.7,0.487,0.388,0.736,6.3,0.144,4.4,2.4,101,Other Votes
2019,ORV,F,P.J. Tucker,33,HOU,38,200,0.19,82,34.2,7.3,5.8,1.2,1.6,0.5,0.396,0.377,0.695,5,0.086,3,1,110,Other Votes
2019,ORV,F,Pascal Siakam,24,TOR,24,200,0.12,80,31.9,16.9,6.9,3.1,0.9,0.7,0.549,0.369,0.785,9.3,0.175,3.6,0.8,107,Other Votes
2019,ORV,G,Derrick White,24,SAS,15,200,0.075,67,25.8,9.9,3.7,3.9,1,0.7,0.479,0.338,0.772,3.6,0.101,1.9,1.3,110,Other Votes
2019,ORV,G,Jimmy Butler,29,TOT,9,200,0.045,65,33.6,18.7,5.3,4,1.9,0.6,0.462,0.347,0.855,7.9,0.173,2.5,0.9,110,Other Votes
2019,ORV,G,Russell Westbrook,30,OKC,9,200,0.045,73,36,22.9,11.1,10.7,1.9,0.5,0.428,0.29,0.656,6.8,0.124,5,2.4,103,Other Votes
2019,ORV,G,Chris Paul,33,HOU,7,200,0.035,58,32,15.6,4.6,8.2,2,0.3,0.419,0.358,0.862,6.6,0.172,2.2,1.1,109,Other Votes
2019,ORV,F,Robert Covington,28,TOT,5,200,0.025,35,34.4,13.3,5.5,1.3,2.1,1.3,0.431,0.378,0.764,2.5,0.1,1.6,2.1,108,Other Votes
2019,ORV,F,Paul Millsap,33,DEN,5,200,0.025,70,27.1,12.6,7.2,2,1.2,0.8,0.484,0.365,0.727,6.1,0.155,2.9,1,106,Other Votes
2019,ORV,F,Kevin Durant,30,GSW,4,200,0.02,78,34.6,26,6.4,5.9,0.7,1.1,0.521,0.353,0.885,11.5,0.204,2.9,0.1,110,Other Votes
2019,ORV,G,James Harden,29,HOU,4,200,0.02,78,36.8,36.1,6.6,7.5,2,0.7,0.442,0.368,0.879,15.2,0.254,3.8,1.6,108,Other Votes
2019,ORV,C,Al Horford,32,BOS,4,200,0.02,68,29,13.6,6.7,4.2,0.9,1.3,0.535,0.36,0.821,7.5,0.181,2.9,1.9,107,Other Votes
2019,ORV,G,Malcolm Brogdon,26,MIL,3,200,0.015,64,28.6,15.6,4.5,3.2,0.7,0.2,0.505,0.426,0.928,6.5,0.171,2.3,0.1,108,Other Votes
2019,ORV,G,Kyle Lowry,32,TOR,3,200,0.015,65,34,14.2,4.8,8.7,1.4,0.5,0.411,0.347,0.83,6.6,0.144,3,0.6,108,Other Votes
2019,ORV,G,Josh Richardson,25,MIA,3,200,0.015,73,34.8,16.6,3.6,4.1,1.1,0.5,0.412,0.357,0.861,5.6,0.106,2.6,0.2,110,Other Votes
2019,ORV,G,Stephen Curry,30,GSW,2,200,0.01,69,33.8,27.3,5.3,5.2,1.3,0.4,0.472,0.437,0.916,9.7,0.199,2.5,-0.5,110,Other Votes
2019,ORV,F,Anthony Davis,25,NOP,2,200,0.01,56,33,25.9,12,3.9,1.6,2.4,0.517,0.331,0.794,9.5,0.247,3.1,2.3,105,Other Votes
2019,ORV,C,Derrick Favors,27,UTA,2,200,0.01,76,23.2,11.8,7.4,1.2,0.7,1.4,0.586,0.218,0.675,7.9,0.215,3.5,1.5,103,Other Votes
2019,ORV,F,Joe Ingles,31,UTA,2,200,0.01,82,31.3,12.1,4,5.7,1.2,0.2,0.448,0.391,0.707,6,0.113,3.6,1.1,107,Other Votes
2019,ORV,G,Donovan Mitchell,22,UTA,2,200,0.01,77,33.7,23.8,4.1,4.2,1.4,0.4,0.432,0.362,0.806,5,0.092,3.7,0.1,107,Other Votes
2019,ORV,G,Ben Simmons,22,PHI,2,200,0.01,79,34.2,16.9,8.8,7.7,1.4,0.8,0.563,0,0.6,8.2,0.146,3.6,1.3,108,Other Votes
2019,ORV,F,Thaddeus Young,30,IND,2,200,0.01,81,30.7,12.6,6.5,2.5,1.5,0.4,0.527,0.349,0.644,6.9,0.133,3.9,1.1,106,Other Votes
2019,ORV,F,Bam Adebayo,21,MIA,1,200,0.005,82,23.3,8.9,7.3,2.2,0.9,0.8,0.576,0.2,0.735,6.8,0.171,3.4,2.2,104,Other Votes
2019,ORV,F,Kyle Anderson,25,MEM,1,200,0.005,43,29.8,8,5.8,3,1.3,0.9,0.543,0.265,0.578,2.7,0.1,1.8,2.4,107,Other Votes
2019,ORV,G,Bradley Beal,25,WAS,1,200,0.005,82,36.9,25.6,5,5.5,1.5,0.7,0.475,0.351,0.808,7.6,0.12,1.7,-0.8,114,Other Votes
2019,ORV,F,Jordan Bell,24,GSW,1,200,0.005,68,11.6,3.3,2.7,1.1,0.3,0.8,0.516,0,0.61,1.6,0.096,1.1,1.3,108,Other Votes
2019,ORV,F,Jaylen Brown,22,BOS,1,200,0.005,74,25.9,13,4.2,1.4,0.9,0.4,0.465,0.344,0.658,3,0.076,2.4,-0.4,109,Other Votes
2019,ORV,G,Mike Conley,31,MEM,1,200,0.005,70,33.5,21.1,3.4,6.4,1.3,0.3,0.438,0.364,0.845,8,0.164,2.3,0.1,111,Other Votes
2019,ORV,F,Ed Davis,29,BRK,1,200,0.005,81,17.9,5.8,8.6,0.8,0.4,0.4,0.616,0,0.617,5.7,0.191,2.5,0.7,105,Other Votes
2019,ORV,C,Andre Drummond,25,DET,1,200,0.005,79,33.5,17.3,15.6,1.4,1.7,1.7,0.533,0.132,0.59,10,0.181,5.9,0.8,100,Other Votes
2019,ORV,G,Terrance Ferguson,20,OKC,1,200,0.005,74,26.1,6.9,1.9,1,0.5,0.2,0.429,0.366,0.725,2.8,0.07,1.6,0.1,112,Other Votes
2019,ORV,G,De'Aaron Fox,21,SAC,1,200,0.005,81,31.4,17.3,3.8,7.3,1.6,0.6,0.458,0.371,0.727,5.6,0.106,2.5,0.2,111,Other Votes
2019,ORV,G,Shai Gilgeous-Alexander,20,LAC,1,200,0.005,82,26.5,10.8,2.8,3.3,1.2,0.5,0.476,0.367,0.8,3.3,0.074,1.9,0.4,112,Other Votes
2019,ORV,G,Gary Harris,24,DEN,1,200,0.005,57,28.8,12.9,2.8,2.2,1,0.3,0.424,0.339,0.799,2.6,0.076,1.5,-0.4,111,Other Votes
2019,ORV,F,Andre Iguodala,35,GSW,1,200,0.005,68,23.2,5.7,3.7,3.2,0.9,0.8,0.5,0.333,0.582,4.2,0.129,1.8,1.7,109,Other Votes
2019,ORV,G,Kyrie Irving,26,BOS,1,200,0.005,67,33,23.8,5,6.9,1.5,0.5,0.487,0.401,0.873,9.1,0.197,2.9,1.1,108,Other Votes
2019,ORV,C,Nikola Jokić,23,DEN,1,200,0.005,80,31.3,20.1,10.8,7.3,1.4,0.7,0.511,0.307,0.821,11.8,0.226,4.3,2.9,105,Other Votes
2019,ORV,G,Damian Lillard,28,POR,1,200,0.005,80,35.5,25.8,4.6,6.9,1.1,0.4,0.444,0.369,0.912,12.1,0.205,2.4,-0.3,112,Other Votes
2019,ORV,C,Brook Lopez,30,MIL,1,200,0.005,81,28.7,12.5,4.9,1.2,0.6,2.2,0.452,0.365,0.842,6.7,0.138,4.3,1.8,103,Other Votes
2019,ORV,F,Khris Middleton,27,MIL,1,200,0.005,77,31.1,18.3,6,4.3,1,0.1,0.441,0.378,0.837,6.1,0.123,3.6,0.1,106,Other Votes
2019,ORV,G,Ricky Rubio,28,UTA,1,200,0.005,68,27.9,12.7,3.6,6.1,1.3,0.1,0.404,0.311,0.855,3.7,0.095,2.8,0.8,107,Other Votes
2020,1st,F,Giannis Antetokounmpo,25,MIL,195,200,0.975,63,30.4,29.5,13.6,5.6,1,1,0.553,0.304,0.633,11.1,0.279,5,4.1,97,1st Team
2020,1st,F,Anthony Davis,26,LAL,187,200,0.935,62,34.4,26.1,9.3,3.2,1.5,2.3,0.503,0.33,0.846,11.1,0.25,4.4,2.6,102,1st Team
2020,1st,G,Ben Simmons,23,PHI,185,200,0.925,57,35.4,16.4,7.8,8,2.1,0.6,0.58,0.286,0.621,6.9,0.165,3.1,2.3,106,1st Team
2020,1st,C,Rudy Gobert,27,UTA,180,200,0.9,68,34.3,15.1,13.5,1.5,0.8,2,0.693,NA,0.63,10.7,0.221,4.2,1.9,104,1st Team
2020,1st,G,Marcus Smart,25,BOS,152,200,0.76,60,32,12.9,3.8,4.9,1.7,0.5,0.375,0.347,0.836,4.5,0.112,2.8,1.4,107,1st Team
2020,2nd,F,Kawhi Leonard,28,LAC,128,200,0.64,57,32.4,27.1,7.1,4.9,1.8,0.6,0.47,0.378,0.886,8.7,0.226,3.3,2.4,104,2nd Team
2020,2nd,C,Brook Lopez,31,MIL,67,200,0.335,68,26.7,12,4.6,1.5,0.7,2.4,0.435,0.314,0.836,5.5,0.145,4.1,2.5,100,2nd Team
2020,2nd,F,Bam Adebayo,22,MIA,61,200,0.305,72,33.6,15.9,10.2,5.1,1.1,1.3,0.557,0.143,0.691,8.5,0.168,3.9,2,106,2nd Team
2020,2nd,G,Patrick Beverley,31,LAC,60,200,0.3,51,26.3,7.9,5.2,3.6,1.1,0.5,0.431,0.388,0.66,3.6,0.128,2,2.5,107,2nd Team
2020,2nd,G,Eric Bledsoe,30,MIL,59,200,0.295,61,27,14.9,4.6,5.4,0.9,0.4,0.475,0.344,0.79,5.4,0.157,3,1,104,2nd Team
2020,ORV,G,Kris Dunn,25,CHI,31,200,0.155,51,24.9,7.3,3.6,3.4,2,0.3,0.444,0.259,0.741,2.3,0.085,2,3.1,106,Other Votes
2020,ORV,F,P.J. Tucker,34,HOU,29,200,0.145,72,34.3,6.9,6.6,1.6,1.1,0.5,0.415,0.358,0.813,4,0.078,2.4,0.6,111,Other Votes
2020,ORV,G,Jimmy Butler,30,MIA,28,200,0.14,58,33.8,19.9,6.7,6,1.8,0.6,0.455,0.244,0.834,9,0.221,2.7,1.5,108,Other Votes
2020,ORV,G,Kyle Lowry,33,TOR,23,200,0.115,58,36.2,19.4,5,7.5,1.4,0.4,0.416,0.352,0.857,7.5,0.171,3.3,1,106,Other Votes
2020,ORV,F,Jayson Tatum,21,BOS,20,200,0.1,66,34.3,23.4,7,3,1.4,0.9,0.45,0.403,0.812,6.9,0.146,3.7,0.6,106,Other Votes
2020,ORV,G,Jrue Holiday,29,NOP,18,200,0.09,61,34.7,19.1,4.8,6.7,1.6,0.8,0.455,0.353,0.709,3.9,0.088,1.9,0.2,112,Other Votes
2020,ORV,G,Chris Paul,34,OKC,13,200,0.065,70,31.5,17.6,5,6.7,1.6,0.2,0.489,0.365,0.907,8.9,0.193,3,1.4,108,Other Votes
2020,ORV,C,Joel Embiid,25,PHI,11,200,0.055,51,29.5,23,11.6,3,0.9,1.3,0.477,0.331,0.807,6,0.192,2.7,1,104,Other Votes
2020,ORV,F,Pascal Siakam,25,TOR,10,200,0.05,60,35.2,22.9,7.3,3.5,1,0.9,0.453,0.359,0.792,5.4,0.123,3.6,0.5,105,Other Votes
2020,ORV,F,LeBron James,35,LAL,7,200,0.035,67,34.6,25.3,7.8,10.2,1.2,0.5,0.493,0.348,0.693,9.8,0.204,3.6,1.8,106,Other Votes
2020,ORV,C,Myles Turner,23,IND,5,200,0.025,62,29.5,12.1,6.6,1.2,0.7,2.1,0.457,0.344,0.751,4.2,0.111,3.1,1.1,105,Other Votes
2020,ORV,F,Paul George,29,LAC,3,200,0.015,48,29.6,21.5,5.7,3.9,1.4,0.4,0.439,0.412,0.876,4.8,0.161,2.3,1.1,106,Other Votes
2020,ORV,F,OG Anunoby,22,TOR,2,200,0.01,69,29.9,10.6,5.3,1.6,1.4,0.7,0.505,0.39,0.706,5.7,0.134,3.7,2,104,Other Votes
2020,ORV,F,Jaylen Brown,23,BOS,2,200,0.01,57,33.9,20.3,6.4,2.1,1.1,0.4,0.481,0.382,0.724,4.9,0.123,2.6,-0.2,108,Other Votes
2020,ORV,G,Donte DiVincenzo,23,MIL,2,200,0.01,66,23,9.2,4.8,2.3,1.3,0.3,0.455,0.336,0.733,4.3,0.135,3.2,2.4,101,Other Votes
2020,ORV,G,Luka Dončić,20,DAL,2,200,0.01,61,33.6,28.8,9.4,8.8,1,0.2,0.463,0.316,0.758,8.8,0.207,2.3,1,110,Other Votes
2020,ORV,C,Andre Drummond,26,TOT,2,200,0.01,57,33,17.7,15.2,2.7,1.9,1.6,0.533,0.143,0.575,4.2,0.108,3.6,1.1,103,Other Votes
2020,ORV,G,James Harden,30,HOU,2,200,0.01,68,36.5,34.3,6.6,7.5,1.8,0.9,0.444,0.355,0.865,13.1,0.254,3.2,1.6,108,Other Votes
2020,ORV,G,Dejounte Murray,23,SAS,2,200,0.01,66,25.6,10.9,5.8,4.1,1.7,0.3,0.462,0.369,0.798,2.6,0.074,2,1.3,110,Other Votes
2020,ORV,G,Fred VanVleet,25,TOR,2,200,0.01,54,35.7,17.6,3.8,6.6,1.9,0.3,0.413,0.39,0.848,5.8,0.145,3.1,1.4,106,Other Votes
2020,ORV,C,Hassan Whiteside,30,POR,2,200,0.01,67,30,15.5,13.5,1.2,0.4,2.9,0.621,0.571,0.686,8.5,0.204,3,0.7,107,Other Votes
2020,ORV,C,Steven Adams,26,OKC,1,200,0.005,63,26.7,10.9,9.3,2.3,0.8,1.1,0.592,0.333,0.582,6.5,0.185,2.7,1.1,106,Other Votes
2020,ORV,C,Jarrett Allen,21,BRK,1,200,0.005,70,26.5,11.1,9.6,1.6,0.6,1.3,0.649,0,0.633,8.2,0.212,2.9,1,106,Other Votes
2020,ORV,C,Aron Baynes,33,PHO,1,200,0.005,42,22.2,11.5,5.6,1.6,0.2,0.5,0.48,0.351,0.747,2.1,0.107,0.8,-0.8,112,Other Votes
2020,ORV,G,Avery Bradley,29,LAL,1,200,0.005,49,24.2,8.6,2.3,1.3,0.9,0.1,0.444,0.364,0.833,1.5,0.062,1.4,0.5,110,Other Votes
2020,ORV,F,Jonathan Isaac,22,ORL,1,200,0.005,34,28.8,11.9,6.8,1.4,1.6,2.3,0.47,0.34,0.779,2.5,0.12,1.9,2.9,103,Other Votes
2020,ORV,G,Damian Lillard,29,POR,1,200,0.005,66,37.5,30,4.3,8,1.1,0.3,0.463,0.401,0.888,11.6,0.225,0.7,-0.9,117,Other Votes
2020,ORV,F,Khris Middleton,28,MIL,1,200,0.005,62,29.9,20.9,6.2,4.3,0.9,0.1,0.497,0.415,0.916,7.9,0.205,3.3,0.7,104,Other Votes
2020,ORV,F,Kristaps Porziņģis,24,DAL,1,200,0.005,57,31.8,20.4,9.5,1.8,0.7,2,0.427,0.352,0.799,5.2,0.138,2.6,0.1,107,Other Votes
2020,ORV,G,Matisse Thybulle,22,PHI,1,200,0.005,65,19.8,4.7,1.6,1.2,1.4,0.7,0.423,0.357,0.61,2.3,0.086,2,3.1,106,Other Votes
2020,ORV,G,Russell Westbrook,31,HOU,1,200,0.005,57,35.9,27.2,7.9,7,1.6,0.4,0.472,0.258,0.763,4.2,0.098,2.5,-0.1,109,Other Votes
2021,1st,C,Rudy Gobert,28,UTA,200,200,1,71,30.8,14.3,13.5,1.3,0.6,2.7,0.675,0,0.623,11.3,0.248,5.2,2.8,101,1st Team
2021,1st,G,Ben Simmons,24,PHI,200,200,1,58,32.4,14.3,7.2,6.9,1.6,0.6,0.557,0.3,0.613,6,0.153,3.3,2.2,106,1st Team
2021,1st,F,Draymond Green,30,GSW,176,200,0.88,63,31.5,7,7.1,8.9,1.7,0.8,0.447,0.27,0.795,4.6,0.112,3.4,3.3,106,1st Team
2021,1st,G,Jrue Holiday,30,MIL,157,200,0.785,59,32.3,17.7,4.5,6.1,1.6,0.6,0.503,0.392,0.787,6.6,0.165,2.2,0.6,111,1st Team
2021,1st,F,Giannis Antetokounmpo,26,MIL,135,200,0.675,61,33,28.1,11,5.9,1.2,1.2,0.569,0.303,0.685,10.2,0.244,3.3,2.8,107,1st Team
2021,2nd,F,Bam Adebayo,23,MIA,111,200,0.555,64,33.5,18.7,9,5.4,1.2,1,0.57,0.25,0.799,8.8,0.197,3.2,2,108,2nd Team
2021,2nd,G,Jimmy Butler,31,MIA,111,200,0.555,52,33.6,21.5,6.9,7.1,2.1,0.3,0.497,0.245,0.863,9.3,0.255,2.7,2.3,108,2nd Team
2021,2nd,C,Joel Embiid,26,PHI,87,200,0.435,51,31.1,28.5,10.6,2.8,1,1.4,0.513,0.377,0.859,8.8,0.266,3.2,1.2,104,2nd Team
2021,2nd,G,Matisse Thybulle,23,PHI,63,200,0.315,65,20,3.9,1.9,1,1.6,1.1,0.42,0.301,0.444,2.8,0.102,2.7,4.5,103,2nd Team
2021,2nd,F,Kawhi Leonard,29,LAC,43,200,0.215,52,34.1,24.8,6.5,5.2,1.6,0.4,0.512,0.398,0.885,8.8,0.238,2.4,1.3,110,2nd Team
2021,ORV,G,Mikal Bridges,24,PHO,39,200,0.195,72,32.6,13.5,4.3,2.1,1.1,0.9,0.543,0.425,0.84,8,0.164,2.6,0.9,112,Other Votes
2021,ORV,C,Clint Capela,26,ATL,36,200,0.18,63,30.1,15.2,14.3,0.8,0.7,2,0.594,NA,0.573,8.2,0.207,3.3,0,106,Other Votes
2021,ORV,C,Myles Turner,24,IND,24,200,0.12,47,31,12.6,6.5,1,0.9,3.4,0.477,0.335,0.782,3.3,0.11,2.2,2,108,Other Votes
2021,ORV,G,Marcus Smart,26,BOS,22,200,0.11,48,32.9,13.1,3.5,5.7,1.5,0.5,0.398,0.33,0.79,3.3,0.1,1.5,0.2,113,Other Votes
2021,ORV,G,Luguentz Dort,21,OKC,17,200,0.085,52,29.7,14,3.6,1.7,0.9,0.4,0.387,0.343,0.744,0.3,0.011,1,-0.9,116,Other Votes
2021,ORV,G,Chris Paul,35,PHO,14,200,0.07,70,31.4,16.4,4.5,8.9,1.4,0.3,0.499,0.395,0.934,9.2,0.201,2.7,1.1,111,Other Votes
2021,ORV,F,Paul George,30,LAC,11,200,0.055,54,33.7,23.3,6.6,5.2,1.1,0.4,0.467,0.411,0.868,5.3,0.139,2.3,0.3,110,Other Votes
2021,ORV,G,Alex Caruso,26,LAL,5,200,0.025,58,21,6.4,2.9,2.8,1.1,0.3,0.436,0.401,0.645,2.4,0.095,2.1,2.5,106,Other Votes
2021,ORV,G,Dejounte Murray,24,SAS,5,200,0.025,67,31.9,15.7,7.1,5.4,1.5,0.1,0.453,0.317,0.791,3.3,0.074,2.6,1,111,Other Votes
2021,ORV,G,Kentavious Caldwell-Pope,27,LAL,4,200,0.02,67,28.4,9.7,2.7,1.9,0.9,0.4,0.431,0.41,0.866,4.2,0.107,2.6,1,109,Other Votes
2021,ORV,G,T.J. McConnell,28,IND,4,200,0.02,69,26,8.6,3.7,6.6,1.9,0.3,0.559,0.313,0.688,4.8,0.128,2.2,1.7,110,Other Votes
2021,ORV,F,Julius Randle,26,NYK,4,200,0.02,71,37.6,24.1,10.2,6,0.9,0.3,0.456,0.411,0.811,7.8,0.14,4.3,0.9,107,Other Votes
2021,ORV,G,Dennis Schröder,27,LAL,4,200,0.02,61,32.1,15.4,3.5,5.8,1.1,0.2,0.437,0.335,0.848,3.8,0.093,2.7,0.2,109,Other Votes
2021,ORV,F,OG Anunoby,23,TOR,3,200,0.015,43,33.3,15.9,5.5,2.2,1.5,0.7,0.48,0.398,0.784,3.1,0.104,1.6,0.4,112,Other Votes
2021,ORV,F,Dillon Brooks,25,MEM,3,200,0.015,67,29.8,17.2,2.9,2.3,1.2,0.4,0.419,0.344,0.815,1.4,0.033,1.8,-1.1,113,Other Votes
2021,ORV,G,Danny Green,33,PHI,3,200,0.015,69,28,9.5,3.8,1.7,1.3,0.8,0.412,0.405,0.775,4.6,0.115,3.1,1.5,108,Other Votes
2021,ORV,G,Fred VanVleet,26,TOR,3,200,0.015,52,36.5,19.6,4.2,6.3,1.7,0.7,0.389,0.366,0.885,4.3,0.108,1.8,0.2,113,Other Votes
2021,ORV,F,Jaylen Brown,24,BOS,2,200,0.01,58,34.5,24.7,6,3.4,1.2,0.6,0.484,0.397,0.764,4.8,0.115,2,-0.7,113,Other Votes
2021,ORV,G,Mike Conley,33,UTA,2,200,0.01,51,29.4,16.2,3.5,6,1.4,0.2,0.444,0.412,0.852,6.1,0.197,2.1,1.3,109,Other Votes
2021,ORV,F,Anthony Davis,27,LAL,2,200,0.01,36,32.3,21.8,7.9,3.1,1.3,1.6,0.491,0.26,0.738,3.7,0.152,2.4,2.2,104,Other Votes
2021,ORV,F,Royce O'Neale,27,UTA,2,200,0.01,71,31.6,7,6.8,2.5,0.8,0.5,0.444,0.385,0.848,5.6,0.121,3.3,2.1,108,Other Votes
2021,ORV,F,Robert Covington,30,POR,1,200,0.005,70,32,8.5,6.7,1.7,1.4,1.2,0.401,0.379,0.806,3.7,0.08,2.4,1.5,112,Other Votes
2021,ORV,F,Jae Crowder,30,PHO,1,200,0.005,60,27.5,10.1,4.7,2.1,0.8,0.5,0.404,0.389,0.76,3.3,0.097,1.9,0.8,111,Other Votes
2021,ORV,G,Donovan Mitchell,24,UTA,1,200,0.005,53,33.4,26.4,4.4,5.2,1,0.3,0.438,0.386,0.845,6.2,0.167,2.2,-0.2,110,Other Votes
2021,ORV,C,Nerlens Noel,26,NYK,1,200,0.005,64,24.2,5.1,6.4,0.7,1.1,2.2,0.614,0,0.714,5.2,0.162,3.6,3.8,101,Other Votes
2021,ORV,C,Daniel Theis,28,TOT,1,200,0.005,65,24.6,9.6,5.5,1.7,0.6,0.9,0.541,0.322,0.673,4.3,0.128,1.8,0.7,111,Other Votes
2021,ORV,G,Russell Westbrook,32,WAS,1,200,0.005,65,36.4,22.2,11.5,11.7,1.4,0.4,0.439,0.315,0.656,3.7,0.075,3.2,1.1,110,Other Votes
2021,ORV,F,Andrew Wiggins,25,GSW,1,200,0.005,71,33.3,18.6,4.9,2.4,0.9,1,0.477,0.38,0.714,3.9,0.08,2.7,-0.4,111,Other Votes
2021,ORV,F,Christian Wood,25,HOU,1,200,0.005,41,32.3,21,9.6,1.7,0.8,1.2,0.514,0.374,0.631,2.8,0.1,1.4,-0.3,112,Other Votes
2022,1st,G,Marcus Smart,27,BOS,198,200,0.99,71,32.3,12.1,3.8,5.9,1.7,0.3,0.418,0.331,0.793,5.6,0.116,3.7,1.7,107,1st Team
2022,1st,G,Mikal Bridges,25,PHO,193,200,0.965,82,34.8,14.2,4.2,2.3,1.2,0.4,0.534,0.369,0.834,8.9,0.15,3.7,1.1,110,1st Team
2022,1st,C,Rudy Gobert,29,UTA,171,200,0.855,66,32.1,15.6,14.7,1.1,0.7,2.1,0.713,0,0.69,11.7,0.264,4.3,1.7,103,1st Team
2022,1st,F,Giannis Antetokounmpo,27,MIL,156,200,0.78,67,32.9,29.9,11.6,5.8,1.1,1.4,0.553,0.293,0.722,12.9,0.281,3.7,3.5,106,1st Team
2022,1st,F,Jaren Jackson Jr.,22,MEM,153,200,0.765,78,27.3,16.3,5.8,1.1,0.9,2.3,0.415,0.319,0.823,5.4,0.121,3.7,0.8,106,1st Team
2022,2nd,F,Bam Adebayo,24,MIA,152,200,0.76,56,32.6,19.1,10.1,3.4,1.4,0.8,0.557,0,0.753,7.2,0.188,3.5,2.1,104,2nd Team
2022,2nd,G,Jrue Holiday,31,MIL,89,200,0.445,67,33,18.3,4.5,6.8,1.6,0.4,0.501,0.411,0.761,6.9,0.15,2.4,0.3,112,2nd Team
2022,2nd,G,Matisse Thybulle,24,PHI,87,200,0.435,66,25.5,5.7,2.3,1.1,1.7,1.1,0.5,0.313,0.791,3.7,0.107,2.5,3.3,108,2nd Team
2022,2nd,C,Robert Williams,24,BOS,70,200,0.35,61,29.6,10,9.6,2,0.9,2.2,0.736,0,0.722,9.9,0.262,3.9,3.1,102,2nd Team
2022,2nd,F,Draymond Green,31,GSW,34,200,0.17,46,28.9,7.5,7.3,7,1.3,1.1,0.525,0.296,0.659,3.6,0.131,2.8,4.6,103,2nd Team
2022,ORV,G,Fred VanVleet,27,TOR,41,200,0.205,65,37.9,20.3,4.4,6.7,1.7,0.5,0.403,0.377,0.874,6.7,0.131,2.8,0.5,111,Other Votes
2022,ORV,C,Joel Embiid,27,PHI,33,200,0.165,68,33.8,30.6,11.7,4.2,1.1,1.5,0.499,0.371,0.814,12,0.252,4.1,2,105,Other Votes
2022,ORV,G,Dejounte Murray,25,SAS,24,200,0.12,68,34.8,21.1,8.3,9.2,2,0.3,0.462,0.327,0.794,7.3,0.149,3.4,1.7,108,Other Votes
2022,ORV,G,Chris Paul,36,PHO,21,200,0.105,65,32.9,14.7,4.4,10.8,1.9,0.3,0.493,0.317,0.837,9.4,0.21,3.6,2.3,107,Other Votes
2022,ORV,F,Evan Mobley,20,CLE,13,200,0.065,69,33.8,15,8.3,2.5,0.8,1.7,0.508,0.25,0.663,5.2,0.107,3.7,1.5,107,Other Votes
2022,ORV,F,Herbert Jones,23,NOP,10,200,0.05,78,29.9,9.5,3.8,2.1,1.7,0.8,0.476,0.337,0.84,4.6,0.096,2.5,1.5,112,Other Votes
2022,ORV,G,Patrick Beverley,33,MIN,9,200,0.045,58,25.4,9.2,4.1,4.6,1.2,0.9,0.406,0.343,0.722,4.1,0.132,1.7,2.1,111,Other Votes
2022,ORV,F,Dorian Finney-Smith,28,DAL,7,200,0.035,80,33.1,11,4.7,1.9,1.1,0.5,0.471,0.395,0.675,6.6,0.121,3.2,0.7,110,Other Votes
2022,ORV,G,Kyle Lowry,35,MIA,6,200,0.03,63,33.9,13.4,4.5,7.5,1.1,0.3,0.44,0.377,0.851,6.4,0.143,2.7,0.8,110,Other Votes
2022,ORV,G,Jimmy Butler,32,MIA,5,200,0.025,57,33.9,21.4,5.9,5.5,1.6,0.5,0.48,0.233,0.87,9.2,0.228,2.9,1.9,108,Other Votes
2022,ORV,G,Alex Caruso,27,CHI,5,200,0.025,41,28,7.4,3.6,4,1.7,0.4,0.398,0.333,0.795,2,0.082,1.2,2.3,112,Other Votes
2022,ORV,F,Jayson Tatum,23,BOS,4,200,0.02,76,35.9,26.9,8,4.4,1,0.6,0.453,0.353,0.853,9.6,0.169,4.6,0.6,106,Other Votes
2022,ORV,G,Gary Payton II,29,GSW,3,200,0.015,71,17.6,7.1,3.5,0.9,1.4,0.3,0.616,0.358,0.603,5.2,0.199,2.6,3.4,103,Other Votes
2022,ORV,G,Derrick White,27,TOT,3,200,0.015,75,29.3,13.2,3.5,4.9,0.9,0.8,0.421,0.312,0.864,5.1,0.111,2.3,0.6,112,Other Votes
2022,ORV,G,Scottie Barnes,20,TOR,2,200,0.01,74,35.4,15.3,7.5,3.5,1.1,0.7,0.492,0.301,0.735,6.6,0.122,2.9,0.4,111,Other Votes
2022,ORV,F,Jaylen Brown,25,BOS,2,200,0.01,66,33.6,23.6,6.1,3.5,1.1,0.3,0.473,0.358,0.758,5.8,0.124,3.4,0.1,108,Other Votes
2022,ORV,C,Al Horford,35,BOS,2,200,0.01,69,29.1,10.2,7.7,3.4,0.7,1.3,0.467,0.336,0.842,7.6,0.181,3.8,2.9,104,Other Votes
2022,ORV,C,Jarrett Allen,23,CLE,1,200,0.005,56,32.3,16.1,10.8,1.6,0.8,1.3,0.677,0.1,0.708,8.5,0.224,3,1.2,106,Other Votes
2022,ORV,F,OG Anunoby,24,TOR,1,200,0.005,48,36,17.1,5.5,2.6,1.5,0.5,0.443,0.363,0.754,3.7,0.104,1.9,0.1,111,Other Votes
2022,ORV,C,Deandre Ayton,23,PHO,1,200,0.005,58,29.5,17.2,10.2,1.4,0.7,0.7,0.634,0.368,0.746,7.3,0.203,3.1,0.6,105,Other Votes
2022,ORV,G,Desmond Bane,23,MEM,1,200,0.005,76,29.8,18.2,4.4,2.7,1.2,0.4,0.461,0.436,0.903,7.2,0.153,2.7,0.3,110,Other Votes
2022,ORV,G,Devin Booker,25,PHO,1,200,0.005,68,34.5,26.8,5,4.8,1.1,0.4,0.466,0.383,0.868,7.6,0.156,3.3,0.2,109,Other Votes
2022,ORV,G,Ayo Dosunmu,22,CHI,1,200,0.005,77,27.4,8.8,2.8,3.3,0.8,0.4,0.52,0.376,0.679,3,0.069,1.3,-0.1,115,Other Votes
2022,ORV,F,Kevin Durant,33,BRK,1,200,0.005,55,37.2,29.9,7.4,6.4,0.9,0.9,0.518,0.383,0.91,8.4,0.198,2,0.7,112,Other Votes
2023,1st,F,Jaren Jackson Jr.,23,MEM,195,200,0.975,63,28.4,18.6,6.8,1,1,3,0.506,0.355,0.788,6.6,0.177,3.8,2,105,1st Team
2023,1st,G,Jrue Holiday,32,MIL,192,200,0.96,67,32.6,19.3,5.1,7.4,1.2,0.4,0.479,0.384,0.859,6.7,0.148,2.8,0.1,112,1st Team
2023,1st,C,Brook Lopez,34,MIL,181,200,0.905,78,30.4,15.9,6.7,1.3,0.5,2.5,0.531,0.374,0.784,8,0.161,3.9,1.3,109,1st Team
2023,1st,F,Evan Mobley,21,CLE,132,200,0.66,79,34.4,16.2,9,2.8,0.8,1.5,0.554,0.216,0.674,8.5,0.151,4.8,1.6,108,1st Team
2023,1st,G,Alex Caruso,28,CHI,125,200,0.625,67,23.5,5.6,2.9,2.9,1.5,0.7,0.455,0.364,0.808,3.6,0.109,2.6,3.3,109,1st Team
2023,2nd,G,Derrick White,28,BOS,99,200,0.495,82,28.3,12.4,3.6,3.9,0.7,0.9,0.462,0.381,0.875,7.4,0.154,3.1,1.3,112,2nd Team
2023,2nd,F,Draymond Green,32,GSW,89,200,0.445,73,31.5,8.5,7.2,6.8,1,0.8,0.527,0.305,0.713,4.7,0.098,3.1,2.6,112,2nd Team
2023,2nd,F,OG Anunoby,25,TOR,81,200,0.405,67,35.6,16.8,5,2,1.9,0.7,0.476,0.387,0.838,4.7,0.094,2.9,0.7,113,2nd Team
2023,2nd,G,Dillon Brooks,27,MEM,54,200,0.27,73,30.3,14.3,3.3,2.6,0.9,0.2,0.396,0.326,0.779,1.6,0.034,2.4,-0.5,114,2nd Team
2023,2nd,C,Bam Adebayo,25,MIA,53,200,0.265,75,34.6,20.4,9.2,3.2,1.2,0.8,0.54,0.083,0.806,7.4,0.137,3.8,0.8,111,2nd Team
2023,ORV,F,Giannis Antetokounmpo,28,MIL,60,200,0.3,63,32.1,31.1,11.8,5.7,0.8,0.8,0.553,0.275,0.645,8.6,0.204,3.7,2.7,108,Other Votes
2023,ORV,F,Jaden McDaniels,22,MIN,40,200,0.2,79,30.6,12.1,3.9,1.9,0.9,1,0.517,0.398,0.736,4.4,0.087,2.4,0.5,115,Other Votes
2023,ORV,G,Marcus Smart,28,BOS,35,200,0.175,61,32.1,11.5,3.1,6.3,1.5,0.4,0.415,0.336,0.746,3.7,0.092,2.7,0.8,112,Other Votes
2023,ORV,G,Mikal Bridges,26,TOT,33,200,0.165,83,35.7,20.1,4.4,3.3,1.1,0.7,0.468,0.382,0.895,7.5,0.121,3.1,0.2,115,Other Votes
2023,ORV,C,Nic Claxton,23,BRK,25,200,0.125,76,29.9,12.6,9.2,1.9,0.9,2.5,0.705,0,0.541,9.2,0.195,4,2.2,108,Other Votes
2023,ORV,G,Jimmy Butler,33,MIA,23,200,0.115,64,33.4,22.9,5.9,5.3,1.8,0.3,0.539,0.35,0.85,12.3,0.277,2.9,2,112,Other Votes
2023,ORV,C,Joel Embiid,28,PHI,15,200,0.075,66,34.6,33.1,10.2,4.2,1,1.7,0.548,0.33,0.857,12.3,0.259,3.9,2.3,109,Other Votes
2023,ORV,G,Herbert Jones,24,NOP,15,200,0.075,66,29.6,9.8,4.1,2.5,1.6,0.6,0.469,0.335,0.764,4.2,0.104,2.7,1.7,112,Other Votes
2023,ORV,F,Anthony Davis,29,LAL,9,200,0.045,56,34,25.9,12.5,2.6,1.1,2,0.563,0.257,0.784,9,0.226,3.4,1.7,108,Other Votes
2023,ORV,G,Luguentz Dort,23,OKC,9,200,0.045,74,30.7,13.7,4.6,2.1,1,0.3,0.388,0.33,0.772,2.9,0.062,2.1,-1,116,Other Votes
2023,ORV,G,Jaylen Brown,26,BOS,4,200,0.02,67,35.9,26.6,6.9,3.5,1.1,0.4,0.491,0.335,0.765,5,0.1,3.4,-0.2,111,Other Votes
2023,ORV,G,Anthony Edwards,21,MIN,4,200,0.02,79,36,24.6,5.8,4.4,1.6,0.7,0.459,0.369,0.756,3.8,0.064,3.6,0,113,Other Votes
2023,ORV,G,Matisse Thybulle,25,TOT,4,200,0.02,71,16.9,4.1,2,0.7,1.2,0.5,0.435,0.365,0.679,2.1,0.086,1.5,2.2,113,Other Votes
2023,ORV,C,Jarrett Allen,24,CLE,3,200,0.015,68,32.6,14.3,9.8,1.7,0.8,1.2,0.644,0.1,0.733,9.5,0.205,4,1,108,Other Votes
2023,ORV,G,Shai Gilgeous-Alexander,24,OKC,3,200,0.015,68,35.5,31.4,4.8,5.5,1.6,1,0.51,0.345,0.905,11.4,0.226,3,1.5,113,Other Votes
2023,ORV,G,Dejounte Murray,26,ATL,3,200,0.015,74,36.4,20.5,5.3,6.1,1.5,0.3,0.464,0.344,0.832,4.7,0.084,2.3,0,116,Other Votes
2023,ORV,G,Paul George,32,LAC,2,200,0.01,56,34.6,23.8,6.1,5.1,1.5,0.4,0.457,0.371,0.871,4.6,0.114,2.3,0.3,113,Other Votes
2023,ORV,G,Tyrese Haliburton,22,IND,2,200,0.01,56,33.6,20.7,3.7,10.4,1.6,0.4,0.49,0.4,0.871,7.6,0.195,1.2,0.2,118,Other Votes
2023,ORV,F,Desmond Bane,24,MEM,1,200,0.005,58,31.7,21.5,5,4.4,1,0.4,0.479,0.408,0.883,5.8,0.151,2.3,0.1,113,Other Votes
2023,ORV,F,Scottie Barnes,21,TOR,1,200,0.005,77,34.8,15.3,6.6,4.8,1.1,0.8,0.456,0.281,0.772,5,0.09,2.7,-0.1,115,Other Votes
2023,ORV,G,Patrick Beverley,34,TOT,1,200,0.005,67,27.1,6.2,3.7,2.9,0.9,0.6,0.4,0.335,0.723,3,0.079,2.1,1.7,113,Other Votes
2023,ORV,F,Kevin Durant,34,TOT,1,200,0.005,47,35.6,29.1,6.7,5,0.7,1.4,0.56,0.404,0.919,6.8,0.194,2.1,1.2,113,Other Votes
2023,ORV,F,Aaron Gordon,27,DEN,1,200,0.005,68,30.2,16.3,6.6,3,0.8,0.8,0.564,0.347,0.608,6.8,0.158,2.2,-0.3,115,Other Votes
2023,ORV,C,Walker Kessler,21,UTA,1,200,0.005,74,23,9.2,8.4,0.9,0.4,2.3,0.72,0.333,0.516,7.1,0.2,2.5,1.5,111,Other Votes
2023,ORV,G,De'Anthony Melton,24,PHI,1,200,0.005,77,27.9,10.1,4.1,2.6,1.6,0.5,0.425,0.39,0.793,4.2,0.095,3.1,1.6,111,Other Votes
2023,ORV,G,Chris Paul,37,PHO,1,200,0.005,59,32,13.9,4.3,8.9,1.5,0.4,0.44,0.375,0.831,6.2,0.156,2.5,1.2,112,Other Votes
2023,ORV,F,P.J. Tucker,37,PHI,1,200,0.005,75,25.6,3.5,3.9,0.8,0.5,0.2,0.427,0.393,0.826,2.5,0.064,1.7,0.2,116,Other Votes
2023,ORV,G,Delon Wright,30,WAS,1,200,0.005,50,24.4,7.4,3.6,3.9,1.8,0.3,0.474,0.345,0.867,3.7,0.146,1.6,3.1,112,Other Votes
2024,1st,C,Rudy Gobert,31,MIN,198,198,1,76,34.1,14,12.9,1.3,0.7,2.1,0.661,0,0.638,11.6,0.216,5.8,1.7,104,1st Team
2024,1st,C,Victor Wembanyama,20,SAS,184,198,0.929,71,29.7,21.4,10.6,3.9,1.2,3.6,0.465,0.325,0.796,3.7,0.085,4.4,3.3,106,1st Team
2024,1st,C,Bam Adebayo,26,MIA,168,198,0.848,71,34,19.3,10.4,3.9,1.1,0.9,0.521,0.357,0.755,7.2,0.144,4.3,1.7,109,1st Team
2024,1st,F,Herbert Jones,25,NOP,159,198,0.803,76,30.5,11,3.6,2.6,1.4,0.8,0.498,0.418,0.867,6.3,0.131,3,1.5,113,1st Team
2024,1st,C,Anthony Davis,30,LAL,151,198,0.763,76,35.5,24.7,12.6,3.5,1.2,2.3,0.556,0.271,0.816,11.8,0.21,4.7,1.7,109,1st Team
2024,2nd,G,Alex Caruso,29,CHI,130,198,0.657,71,28.7,10.1,3.8,3.5,1.7,1,0.468,0.408,0.76,4.9,0.115,2.6,2.3,113,2nd Team
2024,2nd,G,Jalen Suggs,22,ORL,99,198,0.5,75,27,12.6,3.1,2.7,1.4,0.6,0.471,0.397,0.756,4.7,0.112,3.2,1.6,110,2nd Team
2024,2nd,G,Derrick White,29,BOS,98,198,0.495,73,32.6,15.2,4.2,5.2,1,1.2,0.461,0.396,0.901,8.5,0.171,3.3,1.4,112,2nd Team
2024,2nd,F,Jaden McDaniels,23,MIN,66,198,0.333,72,29.2,10.5,3.1,1.4,0.9,0.6,0.489,0.337,0.722,3.4,0.077,3.1,0.7,112,2nd Team
2024,2nd,G,Jrue Holiday,33,BOS,36,198,0.182,69,32.8,12.5,5.4,4.8,0.9,0.8,0.48,0.429,0.833,6.3,0.133,3,1.1,113,2nd Team
2024,ORV,F,Luguentz Dort,24,OKC,34,198,0.172,79,28.4,10.9,3.6,1.4,0.9,0.6,0.438,0.394,0.826,4.6,0.097,2.5,-0.2,114,Other Votes
2024,ORV,F,Kawhi Leonard,32,LAC,29,198,0.146,68,34.3,23.7,6.1,3.6,1.6,0.9,0.525,0.417,0.885,8.9,0.184,2.9,0.6,114,Other Votes
2024,ORV,C,Chet Holmgren,21,OKC,21,198,0.106,82,29.4,16.5,7.9,2.4,0.6,2.3,0.53,0.37,0.793,8.9,0.178,4.4,1.5,108,Other Votes
2024,ORV,C,Jarrett Allen,25,CLE,20,198,0.101,77,31.7,16.5,10.5,2.7,0.7,1.1,0.634,0,0.742,10.7,0.21,3.9,0.9,110,Other Votes
2024,ORV,G,Shai Gilgeous-Alexander,25,OKC,19,198,0.096,75,34,30.1,5.5,6.2,2,0.9,0.535,0.353,0.874,14.6,0.275,4.2,2.3,110,Other Votes
2024,ORV,F,Giannis Antetokounmpo,29,MIL,15,198,0.076,73,35.2,30.4,11.5,6.5,1.2,1.1,0.611,0.274,0.657,13.2,0.246,3.7,2.4,112,Other Votes
2024,ORV,G,Kentavious Caldwell-Pope,30,DEN,11,198,0.056,76,31.6,10.1,2.4,2.4,1.3,0.6,0.46,0.406,0.894,4.8,0.096,2.6,0.7,115,Other Votes
2024,ORV,C,Brook Lopez,35,MIL,8,198,0.04,79,30.5,12.5,5.2,1.6,0.5,2.4,0.485,0.366,0.821,5.9,0.117,2.8,0.8,114,Other Votes
2024,ORV,F,Jaylen Brown,27,BOS,7,198,0.035,70,33.5,23,5.5,3.6,1.2,0.5,0.499,0.354,0.703,5.9,0.121,3.2,-0.1,112,Other Votes
2024,ORV,F,Aaron Gordon,28,DEN,6,198,0.03,73,31.5,13.9,6.5,3.5,0.8,0.6,0.556,0.29,0.658,7.1,0.148,2.6,0.1,114,Other Votes
2024,ORV,G,Anthony Edwards,22,MIN,4,198,0.02,79,35.1,25.9,5.4,5.1,1.3,0.5,0.461,0.357,0.836,7.5,0.13,4.7,0.5,110,Other Votes
2024,ORV,C,Domantas Sabonis,27,SAC,4,198,0.02,82,35.7,19.4,13.7,8.2,0.9,0.6,0.594,0.379,0.704,12.6,0.206,4,2.4,112,Other Votes
2024,ORV,G,De'Aaron Fox,26,SAC,3,198,0.015,74,35.9,26.6,4.6,5.6,2,0.4,0.465,0.369,0.738,6.5,0.117,3.2,0.1,114,Other Votes
2024,ORV,F,Josh Hart,28,NYK,3,198,0.015,81,33.4,9.4,8.3,4.1,0.9,0.3,0.434,0.31,0.791,5.7,0.1,3.6,1.4,113,Other Votes
2024,ORV,F,Dillon Brooks,28,HOU,2,198,0.01,72,30.9,12.7,3.4,1.7,0.9,0.1,0.428,0.359,0.844,2.7,0.058,2.1,-0.3,116,Other Votes
2024,ORV,F,Jayson Tatum,25,BOS,2,198,0.01,74,35.7,26.9,8.1,4.9,1,0.6,0.471,0.376,0.833,10.4,0.189,4.1,0.6,111,Other Votes
2024,ORV,F,Kevin Durant,35,PHO,1,198,0.005,75,37.2,27.1,6.6,5,0.9,1.2,0.523,0.413,0.856,8.3,0.142,3.2,0.1,114,Other Votes
2024,ORV,F,Paul George,33,LAC,1,198,0.005,74,33.8,22.6,5.2,3.5,1.5,0.5,0.471,0.413,0.907,7.3,0.14,2.8,0.2,114,Other Votes
2024,ORV,C,Jaren Jackson Jr.,24,MEM,1,198,0.005,66,32.2,22.5,5.5,2.3,1.2,1.6,0.444,0.32,0.808,3,0.067,2.8,0.4,113,Other Votes
2024,ORV,G,Dejounte Murray,27,ATL,1,198,0.005,78,35.7,22.5,5.3,6.4,1.4,0.3,0.459,0.363,0.794,4.9,0.084,1.6,-0.6,119,Other Votes
2024,ORV,F,Aaron Nesmith,24,IND,1,198,0.005,72,27.7,12.2,3.8,1.5,0.9,0.7,0.496,0.419,0.781,4.1,0.098,1.3,-0.2,119,Other Votes
2024,ORV,G,Brandin Podziemski,20,GSW,1,198,0.005,74,26.6,9.2,5.8,3.7,0.8,0.2,0.454,0.385,0.633,4.1,0.1,2,0.4,115,Other Votes
2024,ORV,F,Bobby Portis,28,MIL,1,198,0.005,82,24.5,13.8,7.4,1.3,0.8,0.4,0.508,0.407,0.79,4.7,0.112,2.6,-0.8,113,Other Votes
2024,ORV,C,Myles Turner,27,IND,1,198,0.005,77,27,17.1,6.9,1.3,0.5,1.9,0.524,0.358,0.773,5.8,0.134,2.2,-0.1,115,Other Votes
2025,1st,F,Evan Mobley,23,CLE,199,200,0.995,71,30.5,18.5,9.3,3.2,0.9,1.6,0.557,0.37,0.725,9,0.2,3.8,1.5,108,1st Team
2025,1st,G,Dyson Daniels,21,ATL,191,200,0.955,76,33.8,14.1,5.9,4.4,3,0.7,0.493,0.34,0.593,5,0.093,3.7,2.6,111,1st Team
2025,1st,F,Luguentz Dort,25,OKC,180,200,0.9,71,29.2,10.1,4.1,1.6,1.1,0.5,0.435,0.412,0.717,5.6,0.129,3.2,0.8,110,1st Team
2025,1st,F,Draymond Green,34,GSW,179,200,0.895,68,29.2,9,6.1,5.6,1.5,1,0.424,0.325,0.687,3.7,0.088,3.4,2.8,109,1st Team
2025,1st,F,Amen Thompson,22,HOU,171,200,0.855,69,32.2,14.1,8.2,3.8,1.4,1.3,0.557,0.275,0.684,8,0.172,3.9,2.6,108,1st Team
2025,2nd,C,Ivica Zubac,27,LAC,114,200,0.57,80,32.8,16.8,12.6,2.7,0.7,1.1,0.628,NA,0.661,11.7,0.215,4.7,0.8,108,2nd Team
2025,2nd,C,Jaren Jackson Jr.,25,MEM,107,200,0.535,74,29.8,22.2,5.6,2,1.2,1.5,0.488,0.375,0.781,6.4,0.139,3.2,0.8,111,2nd Team
2025,2nd,G,Jalen Williams,23,OKC,79,200,0.395,69,32.4,21.6,5.3,5.1,1.6,0.7,0.484,0.365,0.789,7.8,0.168,4.1,1.4,107,2nd Team
2025,2nd,F,Toumani Camara,24,POR,74,200,0.37,78,32.7,11.3,5.8,2.2,1.5,0.6,0.458,0.375,0.722,5.2,0.097,2.6,0.8,115,2nd Team
2025,2nd,C,Rudy Gobert,32,MIN,65,200,0.325,72,33.2,12,10.9,1.8,0.8,1.4,0.669,NA,0.674,10.1,0.204,4,1.3,109,2nd Team
2025,ORV,F,OG Anunoby,27,NYK,49,200,0.245,74,36.6,18,4.8,2.2,1.5,0.9,0.476,0.372,0.81,6.5,0.116,2.8,0.1,114,Other Votes
2025,ORV,C,Bam Adebayo,27,MIA,18,200,0.09,78,34.3,18.1,9.6,4.3,1.3,0.7,0.485,0.357,0.765,7.5,0.135,4,1,110,Other Votes
2025,ORV,G,Derrick White,30,BOS,15,200,0.075,76,33.9,16.4,4.5,4.8,0.9,1.1,0.442,0.384,0.839,8.5,0.158,3.4,0.8,112,Other Votes
2025,ORV,F,Giannis Antetokounmpo,30,MIL,12,200,0.06,67,34.2,30.4,11.9,6.5,0.9,1.2,0.601,0.222,0.617,11.5,0.241,3.7,2.5,109,Other Votes
2025,ORV,G,Shai Gilgeous-Alexander,26,OKC,12,200,0.06,76,34.2,32.7,5,6.4,1.7,1,0.519,0.375,0.898,16.7,0.309,4.8,2.6,107,Other Votes
2025,ORV,F,Jaden McDaniels,24,MIN,10,200,0.05,82,31.9,12.2,5.7,2,1.3,0.9,0.477,0.33,0.813,6.3,0.115,3.9,1.4,110,Other Votes
2025,ORV,F,Dillon Brooks,29,HOU,7,200,0.035,75,31.8,14,3.7,1.7,0.8,0.2,0.429,0.397,0.818,5.1,0.103,2.5,0,114,Other Votes
2025,ORV,C,Jarrett Allen,26,CLE,4,200,0.02,82,28,13.5,9.7,1.9,0.9,0.9,0.706,0,0.718,11.6,0.243,4,1.2,108,Other Votes
2025,ORV,G,Anthony Edwards,23,MIN,3,200,0.015,79,36.3,27.6,5.7,4.5,1.2,0.6,0.447,0.395,0.837,8.4,0.14,3.8,0,112,Other Votes
2025,ORV,C,Brook Lopez,36,MIL,3,200,0.015,80,31.8,13,5,1.8,0.6,1.9,0.509,0.373,0.826,6.6,0.124,2.9,0.4,114,Other Votes
2025,ORV,C,Myles Turner,28,IND,3,200,0.015,72,30.2,15.6,6.5,1.5,0.8,2,0.481,0.396,0.773,4.7,0.104,2.9,0.4,112,Other Votes
2025,ORV,G,Cason Wallace,21,OKC,3,200,0.015,68,27.6,8.4,3.4,2.5,1.8,0.5,0.474,0.356,0.811,5.2,0.133,3.4,2.6,108,Other Votes
2025,ORV,C,Jalen Duren,21,DET,1,200,0.005,78,26.1,11.8,10.3,2.7,0.7,1.1,0.692,NA,0.669,9.2,0.218,3.4,1.5,109,Other Votes
2025,ORV,G,Josh Hart,29,NYK,1,200,0.005,77,37.6,13.6,9.6,5.9,1.5,0.4,0.525,0.333,0.776,9.2,0.153,3.8,1.8,112,Other Votes
